user_id,product_id,event_type,rating,timestamp,source
amazon-u001,B082ZC3V8Q,view,3.9,1735689600,amazon_metadata_weak_label
amazon-u001,B09C7NPPGF,view,3.4,1735690620,amazon_metadata_weak_label
amazon-u001,B087ZR713Q,view,3.8,1735691640,amazon_metadata_weak_label
amazon-u001,B01HTIQC66,view,3.6,1735692660,amazon_metadata_weak_label
amazon-u001,B0B4R7QLP9,like,4.6,1735693680,amazon_metadata_weak_label
amazon-u001,B0BN3WZX63,like,4.3,1735694700,amazon_metadata_weak_label
amazon-u001,B09VXDNTJZ,like,4.3,1735695720,amazon_metadata_weak_label
amazon-u001,B002AYY5AA,view,3.7,1735696740,amazon_metadata_weak_label
amazon-u001,B07Y8T5GTV,view,3.3,1735697760,amazon_metadata_weak_label
amazon-u002,B07Z49ZVMJ,like,4.1,1735776000,amazon_metadata_weak_label
amazon-u002,B0BN8GSVZV,view,3.8,1735777020,amazon_metadata_weak_label
amazon-u002,B07RPQVH21,like,4.2,1735778040,amazon_metadata_weak_label
amazon-u002,B0B69K8XNX,view,3.9,1735779060,amazon_metadata_weak_label
amazon-u002,B09X1B56ST,like,4.3,1735780080,amazon_metadata_weak_label
amazon-u002,B0BFXX2V21,like,4.2,1735781100,amazon_metadata_weak_label
amazon-u002,B081PKBK23,purchase,4.9,1735782120,amazon_metadata_weak_label
amazon-u002,B000G14VL2,view,3.0,1735783140,amazon_metadata_weak_label
amazon-u002,B00A493CNY,view,2.8,1735784160,amazon_metadata_weak_label
amazon-u003,B0B9WT49P2,like,4.3,1735862400,amazon_metadata_weak_label
amazon-u003,B07BFC84CD,like,4.7,1735863420,amazon_metadata_weak_label
amazon-u003,B0156IRMEC,like,4.3,1735864440,amazon_metadata_weak_label
amazon-u003,B00F5N99MC,like,4.5,1735865460,amazon_metadata_weak_label
amazon-u003,B09QJRTQ5C,view,3.9,1735866480,amazon_metadata_weak_label
amazon-u003,B091THDX36,dislike,2.0,1735867500,amazon_metadata_weak_label
amazon-u003,B00083B6DE,view,3.2,1735868520,amazon_metadata_weak_label
amazon-u004,B09M38NCNK,like,4.2,1735948800,amazon_metadata_weak_label
amazon-u004,B08FTB1SJD,like,4.2,1735949820,amazon_metadata_weak_label
amazon-u004,B08K79RMGT,like,4.0,1735950840,amazon_metadata_weak_label
amazon-u004,B07FWNKL9S,purchase,4.8,1735951860,amazon_metadata_weak_label
amazon-u004,B07596JRNN,like,4.5,1735952880,amazon_metadata_weak_label
amazon-u004,B00GFW1LWI,view,3.6,1735953900,amazon_metadata_weak_label
amazon-u004,B00KO8RLZ0,view,3.3,1735954920,amazon_metadata_weak_label
amazon-u005,B01HME9RX2,like,4.0,1736035200,amazon_metadata_weak_label
amazon-u005,B0753Y5RTG,view,3.9,1736036220,amazon_metadata_weak_label
amazon-u005,B0BKFX6FWW,like,4.0,1736037240,amazon_metadata_weak_label
amazon-u005,B0915C35CH,like,4.0,1736038260,amazon_metadata_weak_label
amazon-u005,B07GTX1VM7,view,3.4,1736039280,amazon_metadata_weak_label
amazon-u005,B07XFQGPCG,purchase,4.9,1736040300,amazon_metadata_weak_label
amazon-u005,B093GWXVC4,purchase,4.8,1736041320,amazon_metadata_weak_label
amazon-u005,B07CRQDTKM,like,4.1,1736042340,amazon_metadata_weak_label
amazon-u005,B0B63CZYM7,view,3.5,1736043360,amazon_metadata_weak_label
amazon-u005,B09C7NPPGF,view,3.0,1736044380,amazon_metadata_weak_label
amazon-u006,B07R51VM88,purchase,4.9,1736121600,amazon_metadata_weak_label
amazon-u006,B07FSCXVB2,like,4.1,1736122620,amazon_metadata_weak_label
amazon-u006,B0C4TN4PMX,like,4.2,1736123640,amazon_metadata_weak_label
amazon-u006,B07SBM8FXX,purchase,4.9,1736124660,amazon_metadata_weak_label
amazon-u006,B00Q4U5CMG,like,4.3,1736125680,amazon_metadata_weak_label
amazon-u006,B00T3MIULW,like,4.0,1736126700,amazon_metadata_weak_label
amazon-u006,B074KMVZX4,view,3.8,1736127720,amazon_metadata_weak_label
amazon-u006,B000RE50FO,view,2.9,1736128740,amazon_metadata_weak_label
amazon-u006,B00XISYQ06,view,3.7,1736129760,amazon_metadata_weak_label
amazon-u007,B0BB28524R,purchase,4.8,1736208000,amazon_metadata_weak_label
amazon-u007,B08ZJCX66L,view,3.8,1736209020,amazon_metadata_weak_label
amazon-u007,B08WZKW17G,like,4.6,1736210040,amazon_metadata_weak_label
amazon-u007,B0024KLGA2,like,4.3,1736211060,amazon_metadata_weak_label
amazon-u007,B003YVP55W,like,4.2,1736212080,amazon_metadata_weak_label
amazon-u007,B00VBTJCJE,view,3.4,1736213100,amazon_metadata_weak_label
amazon-u007,B09PDQ76HP,view,3.7,1736214120,amazon_metadata_weak_label
amazon-u008,B0BY2KTRS9,like,4.3,1736294400,amazon_metadata_weak_label
amazon-u008,B08K79RMGT,view,3.9,1736295420,amazon_metadata_weak_label
amazon-u008,B07ZPSG8P5,like,4.4,1736296440,amazon_metadata_weak_label
amazon-u008,B09FXT9KS4,like,4.6,1736297460,amazon_metadata_weak_label
amazon-u008,B0BLRLXVP1,like,4.4,1736298480,amazon_metadata_weak_label
amazon-u008,B0BT9Q4CPB,view,3.9,1736299500,amazon_metadata_weak_label
amazon-u008,B091C7JXZ9,like,4.0,1736300520,amazon_metadata_weak_label
amazon-u008,B08NTSTMMS,like,4.0,1736301540,amazon_metadata_weak_label
amazon-u008,B00YQAP7BW,like,4.1,1736302560,amazon_metadata_weak_label
amazon-u008,B000G14VL2,view,3.8,1736303580,amazon_metadata_weak_label
amazon-u009,B094GSCMXQ,view,3.6,1736380800,amazon_metadata_weak_label
amazon-u009,B07NWTB6P1,like,4.7,1736381820,amazon_metadata_weak_label
amazon-u009,B07MY92X3G,like,4.5,1736382840,amazon_metadata_weak_label
amazon-u009,B0BCH69C79,view,3.8,1736383860,amazon_metadata_weak_label
amazon-u009,B0971F6QYN,like,4.2,1736384880,amazon_metadata_weak_label
amazon-u009,B0BT9Q4CPB,view,3.7,1736385900,amazon_metadata_weak_label
amazon-u009,B09Q89F8CG,like,4.1,1736386920,amazon_metadata_weak_label
amazon-u009,B07NBGCLCX,view,3.9,1736387940,amazon_metadata_weak_label
amazon-u009,B09432ZFQ6,view,2.9,1736388960,amazon_metadata_weak_label
amazon-u010,B00T3MIULW,purchase,4.8,1736467200,amazon_metadata_weak_label
amazon-u010,B003YVP55W,like,4.3,1736468220,amazon_metadata_weak_label
amazon-u010,B08NLFQPWF,like,4.7,1736469240,amazon_metadata_weak_label
amazon-u010,B0B5GMPW5Z,like,4.4,1736470260,amazon_metadata_weak_label
amazon-u010,B081YJM2J7,like,4.3,1736471280,amazon_metadata_weak_label
amazon-u010,B00KQO0DWU,like,4.3,1736472300,amazon_metadata_weak_label
amazon-u010,B07KYSXTXX,like,4.2,1736473320,amazon_metadata_weak_label
amazon-u010,B098XD357L,view,3.5,1736474340,amazon_metadata_weak_label
amazon-u011,B087NHW5FZ,view,3.7,1736553600,amazon_metadata_weak_label
amazon-u011,B07Y6K1PRB,like,4.6,1736554620,amazon_metadata_weak_label
amazon-u011,B0000XMWT4,view,3.8,1736555640,amazon_metadata_weak_label
amazon-u011,B08QCPDKW1,view,3.5,1736556660,amazon_metadata_weak_label
amazon-u011,B08RS4QZ2K,view,3.8,1736557680,amazon_metadata_weak_label
amazon-u011,1420623842,view,3.3,1736558700,amazon_metadata_weak_label
amazon-u011,B012BVTWVS,view,3.7,1736559720,amazon_metadata_weak_label
amazon-u012,B00I6OR1TU,view,3.9,1736640000,amazon_metadata_weak_label
amazon-u012,B00R6HCZ0I,like,4.1,1736641020,amazon_metadata_weak_label
amazon-u012,B00002STR2,view,3.9,1736642040,amazon_metadata_weak_label
amazon-u012,B005G4CSSC,view,3.3,1736643060,amazon_metadata_weak_label
amazon-u012,B08J6ZCZ11,like,4.6,1736644080,amazon_metadata_weak_label
amazon-u012,B0072PQG22,view,2.9,1736645100,amazon_metadata_weak_label
amazon-u012,B08SLNGTCL,view,3.5,1736646120,amazon_metadata_weak_label
amazon-u012,B00H4J5B9U,view,3.9,1736647140,amazon_metadata_weak_label
amazon-u013,B094VP3LBX,view,3.9,1736726400,amazon_metadata_weak_label
amazon-u013,B0C6BLGHXV,like,4.4,1736727420,amazon_metadata_weak_label
amazon-u013,B08CT8VD5Z,view,3.9,1736728440,amazon_metadata_weak_label
amazon-u013,B07W2X3G92,like,4.0,1736729460,amazon_metadata_weak_label
amazon-u013,B07CQWFCTW,like,4.1,1736730480,amazon_metadata_weak_label
amazon-u013,B0B9JTJK7W,like,4.0,1736731500,amazon_metadata_weak_label
amazon-u013,B07DL353F8,view,3.1,1736732520,amazon_metadata_weak_label
amazon-u014,B07Q9M384N,like,4.2,1736812800,amazon_metadata_weak_label
amazon-u014,B0B8ZBCCY6,purchase,4.8,1736813820,amazon_metadata_weak_label
amazon-u014,B08NTSTMMS,purchase,4.8,1736814840,amazon_metadata_weak_label
amazon-u014,B01B79A82C,view,3.7,1736815860,amazon_metadata_weak_label
amazon-u014,B0BCH69C79,view,3.7,1736816880,amazon_metadata_weak_label
amazon-u014,B09BKWDSZX,like,4.0,1736817900,amazon_metadata_weak_label
amazon-u014,B07SFZCYNS,purchase,4.8,1736818920,amazon_metadata_weak_label
amazon-u014,B0BZ52ZTSD,purchase,4.8,1736819940,amazon_metadata_weak_label
amazon-u014,B094H9PSC7,like,4.0,1736820960,amazon_metadata_weak_label
amazon-u014,B000W79CY6,view,3.7,1736821980,amazon_metadata_weak_label
amazon-u014,B08P9NQ1T2,view,3.8,1736823000,amazon_metadata_weak_label
amazon-u015,B08GHKZSFP,like,4.6,1736899200,amazon_metadata_weak_label
amazon-u015,B019EAGLSQ,view,3.7,1736900220,amazon_metadata_weak_label
amazon-u015,B0BTHXFXP8,like,4.3,1736901240,amazon_metadata_weak_label
amazon-u015,B00YQAP7BW,like,4.3,1736902260,amazon_metadata_weak_label
amazon-u015,B007JR9ZBC,like,4.7,1736903280,amazon_metadata_weak_label
amazon-u015,B019JSUP5S,view,3.4,1736904300,amazon_metadata_weak_label
amazon-u015,B00BN5T30E,view,3.9,1736905320,amazon_metadata_weak_label
amazon-u015,B082ZC3V8Q,view,2.5,1736906340,amazon_metadata_weak_label
amazon-u016,B09M7TH3YC,like,4.5,1736985600,amazon_metadata_weak_label
amazon-u016,B07LBPWW3D,like,4.5,1736986620,amazon_metadata_weak_label
amazon-u016,B09X1NC7P1,like,4.1,1736987640,amazon_metadata_weak_label
amazon-u016,B00KAEVW26,like,4.6,1736988660,amazon_metadata_weak_label
amazon-u016,B07ZZ595TG,like,4.4,1736989680,amazon_metadata_weak_label
amazon-u016,B086W46TYP,purchase,4.8,1736990700,amazon_metadata_weak_label
amazon-u016,B018UCFIT2,like,4.0,1736991720,amazon_metadata_weak_label
amazon-u016,B09SJ465G2,like,4.2,1736992740,amazon_metadata_weak_label
amazon-u016,B08HCXS2L5,like,4.1,1736993760,amazon_metadata_weak_label
amazon-u016,B07DL353F8,view,3.5,1736994780,amazon_metadata_weak_label
amazon-u016,B005FCP58U,view,3.9,1736995800,amazon_metadata_weak_label
amazon-u017,B09FJKX8ZS,view,3.7,1737072000,amazon_metadata_weak_label
amazon-u017,B000QYARP8,view,3.5,1737073020,amazon_metadata_weak_label
amazon-u017,B005G4CSSC,view,3.6,1737074040,amazon_metadata_weak_label
amazon-u017,B08WLJ8WF2,purchase,4.8,1737075060,amazon_metadata_weak_label
amazon-u017,B0001ZNU56,like,4.7,1737076080,amazon_metadata_weak_label
amazon-u017,B00ICQ8FNS,like,4.5,1737077100,amazon_metadata_weak_label
amazon-u017,B0034JKYU0,like,4.1,1737078120,amazon_metadata_weak_label
amazon-u017,B0070OB30K,view,3.2,1737079140,amazon_metadata_weak_label
amazon-u017,B09XGRBC32,view,3.9,1737080160,amazon_metadata_weak_label
amazon-u018,B0001ZNU56,view,3.8,1737158400,amazon_metadata_weak_label
amazon-u018,B001Q4HLFQ,view,3.9,1737159420,amazon_metadata_weak_label
amazon-u018,B07HLQNJ5F,like,4.3,1737160440,amazon_metadata_weak_label
amazon-u018,B084QGDGYZ,view,3.8,1737161460,amazon_metadata_weak_label
amazon-u018,B07FPRWGM4,like,4.5,1737162480,amazon_metadata_weak_label
amazon-u018,B09G6L51WP,like,4.2,1737163500,amazon_metadata_weak_label
amazon-u018,B0B7B7WQY7,view,3.9,1737164520,amazon_metadata_weak_label
amazon-u018,B0012GOECQ,like,4.2,1737165540,amazon_metadata_weak_label
amazon-u018,B09JY72CNG,like,4.1,1737166560,amazon_metadata_weak_label
amazon-u018,B09BTFPNN4,view,3.4,1737167580,amazon_metadata_weak_label
amazon-u018,B08862M8VY,view,3.8,1737168600,amazon_metadata_weak_label
amazon-u019,B09Q89F8CG,like,4.1,1737244800,amazon_metadata_weak_label
amazon-u019,B08MBW59D8,like,4.4,1737245820,amazon_metadata_weak_label
amazon-u019,B072F2FSY5,like,4.2,1737246840,amazon_metadata_weak_label
amazon-u019,B07ZPSG8P5,view,3.7,1737247860,amazon_metadata_weak_label
amazon-u019,B0B8YNDK45,like,4.0,1737248880,amazon_metadata_weak_label
amazon-u019,B00QXODI0G,purchase,5.0,1737249900,amazon_metadata_weak_label
amazon-u019,B09DKPPM8V,like,4.7,1737250920,amazon_metadata_weak_label
amazon-u019,B07TWY63G1,like,4.2,1737251940,amazon_metadata_weak_label
amazon-u019,B09SRXBT8Y,like,4.0,1737252960,amazon_metadata_weak_label
amazon-u019,B0BDQMXQFY,view,3.5,1737253980,amazon_metadata_weak_label
amazon-u020,B0C2VCWPGY,view,3.8,1737331200,amazon_metadata_weak_label
amazon-u020,B09H2JQD48,like,4.0,1737332220,amazon_metadata_weak_label
amazon-u020,B0B9GX98SX,view,3.3,1737333240,amazon_metadata_weak_label
amazon-u020,B09L7Z7NLT,like,4.1,1737334260,amazon_metadata_weak_label
amazon-u020,B09TSWFJ8N,like,4.6,1737335280,amazon_metadata_weak_label
amazon-u020,B0C48TKVX7,like,4.0,1737336300,amazon_metadata_weak_label
amazon-u020,B0BY2KTRS9,view,3.6,1737337320,amazon_metadata_weak_label
amazon-u020,B00ICQ8FNS,view,2.9,1737338340,amazon_metadata_weak_label
amazon-u021,B003M5Z90Q,like,4.5,1737417600,amazon_metadata_weak_label
amazon-u021,B0B2P1FPLF,purchase,4.8,1737418620,amazon_metadata_weak_label
amazon-u021,B07848ZT9T,purchase,4.9,1737419640,amazon_metadata_weak_label
amazon-u021,B06XKRXLDR,like,4.0,1737420660,amazon_metadata_weak_label
amazon-u021,B071VQ9Y8W,purchase,4.8,1737421680,amazon_metadata_weak_label
amazon-u021,B0BKFX6FWW,view,3.8,1737422700,amazon_metadata_weak_label
amazon-u021,B099WMXYGH,view,3.9,1737423720,amazon_metadata_weak_label
amazon-u021,B000TB6PEK,like,4.0,1737424740,amazon_metadata_weak_label
amazon-u022,B07Y8T5GTV,like,4.1,1737504000,amazon_metadata_weak_label
amazon-u022,B09H2JQD48,like,4.1,1737505020,amazon_metadata_weak_label
amazon-u022,B00NAAW3SE,view,3.8,1737506040,amazon_metadata_weak_label
amazon-u022,B0C48TKVX7,like,4.5,1737507060,amazon_metadata_weak_label
amazon-u022,B01E7IQ6V2,like,4.1,1737508080,amazon_metadata_weak_label
amazon-u022,B08RS4QZ2K,like,4.4,1737509100,amazon_metadata_weak_label
amazon-u022,B0BF9YKR59,like,4.6,1737510120,amazon_metadata_weak_label
amazon-u022,B07848ZT9T,purchase,4.9,1737511140,amazon_metadata_weak_label
amazon-u022,B014FT655U,view,3.3,1737512160,amazon_metadata_weak_label
amazon-u022,B00QXODI0G,view,3.1,1737513180,amazon_metadata_weak_label
amazon-u023,B01EY9IS2O,like,4.5,1737590400,amazon_metadata_weak_label
amazon-u023,B0BMXFDSKM,like,4.1,1737591420,amazon_metadata_weak_label
amazon-u023,B07GN75XN1,like,4.0,1737592440,amazon_metadata_weak_label
amazon-u023,B001EYUX4Y,like,4.2,1737593460,amazon_metadata_weak_label
amazon-u023,B07D482RJ8,like,4.0,1737594480,amazon_metadata_weak_label
amazon-u023,B000B8GTA6,like,4.6,1737595500,amazon_metadata_weak_label
amazon-u023,B07DK574FC,view,3.8,1737596520,amazon_metadata_weak_label
amazon-u023,B07QN1KG7D,like,4.7,1737597540,amazon_metadata_weak_label
amazon-u023,B08MBHYVXW,like,4.4,1737598560,amazon_metadata_weak_label
amazon-u023,B08TLSB7WL,view,3.6,1737599580,amazon_metadata_weak_label
amazon-u023,B092891PY2,view,3.8,1737600600,amazon_metadata_weak_label
amazon-u024,B0BGMJX4RN,view,3.7,1737676800,amazon_metadata_weak_label
amazon-u024,B01B7ZNKZ8,view,3.5,1737677820,amazon_metadata_weak_label
amazon-u024,B0BG5NKDL7,like,4.2,1737678840,amazon_metadata_weak_label
amazon-u024,B07N1WJXTY,purchase,5.0,1737679860,amazon_metadata_weak_label
amazon-u024,B071YJFTV4,like,4.6,1737680880,amazon_metadata_weak_label
amazon-u024,B071JDPKJ8,like,4.6,1737681900,amazon_metadata_weak_label
amazon-u024,B0BGGCQ7QC,like,4.5,1737682920,amazon_metadata_weak_label
amazon-u024,B00KO8RLZ0,like,4.3,1737683940,amazon_metadata_weak_label
amazon-u024,B07T4WP6TD,view,3.7,1737684960,amazon_metadata_weak_label
amazon-u024,B07SHMJVY3,view,2.9,1737685980,amazon_metadata_weak_label
amazon-u025,B000HAFEXG,like,4.3,1737763200,amazon_metadata_weak_label
amazon-u025,B0777DRH1Y,purchase,4.8,1737764220,amazon_metadata_weak_label
amazon-u025,B00D3M821Q,like,4.2,1737765240,amazon_metadata_weak_label
amazon-u025,B07T4WP6TD,like,4.0,1737766260,amazon_metadata_weak_label
amazon-u025,B00006JN5L,view,3.4,1737767280,amazon_metadata_weak_label
amazon-u025,B00CJ0OB68,view,3.8,1737768300,amazon_metadata_weak_label
amazon-u025,B09L4H6FQF,like,4.5,1737769320,amazon_metadata_weak_label
amazon-u025,B000TB6PEK,like,4.2,1737770340,amazon_metadata_weak_label
amazon-u025,B06XKKLGSG,view,3.9,1737771360,amazon_metadata_weak_label
amazon-u025,B0936D45RM,view,3.7,1737772380,amazon_metadata_weak_label
amazon-u026,B004BV5O0U,like,4.2,1737849600,amazon_metadata_weak_label
amazon-u026,B09QXCZ6CX,purchase,4.8,1737850620,amazon_metadata_weak_label
amazon-u026,B00004SVXD,like,4.3,1737851640,amazon_metadata_weak_label
amazon-u026,B0B3MF7BTH,like,4.5,1737852660,amazon_metadata_weak_label
amazon-u026,B004NXQNU6,like,4.3,1737853680,amazon_metadata_weak_label
amazon-u026,B09V1TG17Z,like,4.3,1737854700,amazon_metadata_weak_label
amazon-u026,B007V6AHX6,view,3.3,1737855720,amazon_metadata_weak_label
amazon-u026,B0B835LFN3,view,3.8,1737856740,amazon_metadata_weak_label
amazon-u027,B0BQMW6FM9,like,4.0,1737936000,amazon_metadata_weak_label
amazon-u027,B0C3J5DHG3,purchase,4.8,1737937020,amazon_metadata_weak_label
amazon-u027,B08FY3PPZD,like,4.2,1737938040,amazon_metadata_weak_label
amazon-u027,B07P6P9JXR,like,4.6,1737939060,amazon_metadata_weak_label
amazon-u027,B08ZDKNP1J,like,4.4,1737940080,amazon_metadata_weak_label
amazon-u027,B0BXNTPT82,purchase,4.9,1737941100,amazon_metadata_weak_label
amazon-u027,B0BPMGTV36,view,3.7,1737942120,amazon_metadata_weak_label
amazon-u027,B01AQ34GQY,like,4.0,1737943140,amazon_metadata_weak_label
amazon-u028,B01JPDYGLG,like,4.1,1738022400,amazon_metadata_weak_label
amazon-u028,B0B2HXK3V5,like,4.1,1738023420,amazon_metadata_weak_label
amazon-u028,B0BY8SK3F1,like,4.2,1738024440,amazon_metadata_weak_label
amazon-u028,B0BBQKV7MZ,like,4.7,1738025460,amazon_metadata_weak_label
amazon-u028,B0000APTGM,like,4.2,1738026480,amazon_metadata_weak_label
amazon-u028,B09199HL91,like,4.5,1738027500,amazon_metadata_weak_label
amazon-u028,B0BFXX2V21,like,4.1,1738028520,amazon_metadata_weak_label
amazon-u028,B0C4TN4PMX,like,4.0,1738029540,amazon_metadata_weak_label
amazon-u028,B00BZEU7VM,like,4.2,1738030560,amazon_metadata_weak_label
amazon-u028,B0BKFX6FWW,view,3.2,1738031580,amazon_metadata_weak_label
amazon-u028,B00NAAW3SE,view,3.3,1738032600,amazon_metadata_weak_label
amazon-u029,B0BXNTPT82,like,4.4,1738108800,amazon_metadata_weak_label
amazon-u029,B07HFHVRCN,like,4.4,1738109820,amazon_metadata_weak_label
amazon-u029,B0B6TQGTK3,like,4.0,1738110840,amazon_metadata_weak_label
amazon-u029,B09STSZTDV,like,4.3,1738111860,amazon_metadata_weak_label
amazon-u029,B0BG2RX476,like,4.5,1738112880,amazon_metadata_weak_label
amazon-u029,B09Q89F8CG,view,3.9,1738113900,amazon_metadata_weak_label
amazon-u029,B00S4RAAGA,view,3.5,1738114920,amazon_metadata_weak_label
amazon-u029,B001EYUX4O,view,3.8,1738115940,amazon_metadata_weak_label
amazon-u030,B01N80M728,like,4.6,1738195200,amazon_metadata_weak_label
amazon-u030,B08SLNGTCL,like,4.4,1738196220,amazon_metadata_weak_label
amazon-u030,B0070OB30K,like,4.6,1738197240,amazon_metadata_weak_label
amazon-u030,B0B2VFTVY1,like,4.1,1738198260,amazon_metadata_weak_label
amazon-u030,B07YHFPFG6,view,3.9,1738199280,amazon_metadata_weak_label
amazon-u030,B0BZY82YDR,view,3.4,1738200300,amazon_metadata_weak_label
amazon-u030,B00GYL29NU,view,2.9,1738201320,amazon_metadata_weak_label
amazon-u031,B089LYVJC9,like,4.5,1738281600,amazon_metadata_weak_label
amazon-u031,B00CJ0OB68,like,4.0,1738282620,amazon_metadata_weak_label
amazon-u031,B08DKQZXTT,view,3.8,1738283640,amazon_metadata_weak_label
amazon-u031,B01702K36Q,view,3.7,1738284660,amazon_metadata_weak_label
amazon-u031,B0034JKYU0,like,4.7,1738285680,amazon_metadata_weak_label
amazon-u031,B000VVAVCK,view,3.9,1738286700,amazon_metadata_weak_label
amazon-u031,B00CP2YPYI,view,3.1,1738287720,amazon_metadata_weak_label
amazon-u031,B071YJFTV4,view,3.4,1738288740,amazon_metadata_weak_label
amazon-u032,B0B69K8XNX,purchase,4.8,1738368000,amazon_metadata_weak_label
amazon-u032,B0772XVGHF,like,4.4,1738369020,amazon_metadata_weak_label
amazon-u032,B08ZJCX66L,like,4.7,1738370040,amazon_metadata_weak_label
amazon-u032,B0774FTRJZ,like,4.0,1738371060,amazon_metadata_weak_label
amazon-u032,B0B2VFTVY1,purchase,5.0,1738372080,amazon_metadata_weak_label
amazon-u032,B0096XY1ZW,like,4.2,1738373100,amazon_metadata_weak_label
amazon-u032,B0B2HXK3V5,view,3.9,1738374120,amazon_metadata_weak_label
amazon-u032,B0BL2GDGHK,view,3.8,1738375140,amazon_metadata_weak_label
amazon-u032,B0BPLX8B2K,view,3.0,1738376160,amazon_metadata_weak_label
amazon-u033,B07Q9M384N,view,3.8,1738454400,amazon_metadata_weak_label
amazon-u033,B08C82CVM2,purchase,4.9,1738455420,amazon_metadata_weak_label
amazon-u033,B083F225NQ,like,4.2,1738456440,amazon_metadata_weak_label
amazon-u033,B09S3HCMYR,like,4.1,1738457460,amazon_metadata_weak_label
amazon-u033,B09FDXV5VN,like,4.0,1738458480,amazon_metadata_weak_label
amazon-u033,B0BG2RX476,like,4.1,1738459500,amazon_metadata_weak_label
amazon-u033,B09G6L51WP,view,3.7,1738460520,amazon_metadata_weak_label
amazon-u033,B00BYKEKYC,view,3.5,1738461540,amazon_metadata_weak_label
amazon-u034,B003Y2PK92,like,4.1,1738540800,amazon_metadata_weak_label
amazon-u034,B07848ZT9T,purchase,4.8,1738541820,amazon_metadata_weak_label
amazon-u034,B07GGS5B45,view,3.8,1738542840,amazon_metadata_weak_label
amazon-u034,B0B6SQMZ4P,like,4.2,1738543860,amazon_metadata_weak_label
amazon-u034,B07MKWC2XN,like,4.1,1738544880,amazon_metadata_weak_label
amazon-u034,B09X6WM9QW,view,3.0,1738545900,amazon_metadata_weak_label
amazon-u034,B000VVAVCK,view,3.8,1738546920,amazon_metadata_weak_label
amazon-u035,B0BKVH96NL,like,4.5,1738627200,amazon_metadata_weak_label
amazon-u035,B08JV8NLK9,view,3.6,1738628220,amazon_metadata_weak_label
amazon-u035,B09STSZTDV,like,4.3,1738629240,amazon_metadata_weak_label
amazon-u035,B07X9H3WC4,like,4.2,1738630260,amazon_metadata_weak_label
amazon-u035,B07V44C18F,like,4.2,1738631280,amazon_metadata_weak_label
amazon-u035,B008GYKN68,view,3.2,1738632300,amazon_metadata_weak_label
amazon-u035,B0B4PK94PV,like,4.0,1738633320,amazon_metadata_weak_label
amazon-u036,B08MWWR2SX,like,4.3,1738713600,amazon_metadata_weak_label
amazon-u036,B07HVZVRPC,like,4.5,1738714620,amazon_metadata_weak_label
amazon-u036,B0BGX6F7JW,like,4.3,1738715640,amazon_metadata_weak_label
amazon-u036,B0BTHXFXP8,like,4.0,1738716660,amazon_metadata_weak_label
amazon-u036,B0859YGYB2,view,3.5,1738717680,amazon_metadata_weak_label
amazon-u036,B0BTP5332V,purchase,4.9,1738718700,amazon_metadata_weak_label
amazon-u036,B0994RTBCW,like,4.1,1738719720,amazon_metadata_weak_label
amazon-u036,B09X1B56ST,like,4.3,1738720740,amazon_metadata_weak_label
amazon-u036,B001EYUWL8,view,3.6,1738721760,amazon_metadata_weak_label
amazon-u036,B00I4VL056,view,3.8,1738722780,amazon_metadata_weak_label
amazon-u037,B08CCQZLT5,purchase,4.8,1738800000,amazon_metadata_weak_label
amazon-u037,B01IX22LFI,like,4.3,1738801020,amazon_metadata_weak_label
amazon-u037,B071YWSHFM,like,4.6,1738802040,amazon_metadata_weak_label
amazon-u037,B07D8D6B8C,like,4.6,1738803060,amazon_metadata_weak_label
amazon-u037,B07Q2X6J98,like,4.0,1738804080,amazon_metadata_weak_label
amazon-u037,B07SFZCYNS,view,2.9,1738805100,amazon_metadata_weak_label
amazon-u037,B0C559BCG4,like,4.1,1738806120,amazon_metadata_weak_label
amazon-u038,B094GSCMXQ,like,4.5,1738886400,amazon_metadata_weak_label
amazon-u038,B0B97Z7H3P,view,3.5,1738887420,amazon_metadata_weak_label
amazon-u038,B0B1CDBK56,view,3.1,1738888440,amazon_metadata_weak_label
amazon-u038,B09FDXV5VN,like,4.4,1738889460,amazon_metadata_weak_label
amazon-u038,B091Q1D519,like,4.0,1738890480,amazon_metadata_weak_label
amazon-u038,B093SYS3ZN,like,4.4,1738891500,amazon_metadata_weak_label
amazon-u038,B09ZTKZSJT,like,4.2,1738892520,amazon_metadata_weak_label
amazon-u038,B096ZYVJ6R,like,4.1,1738893540,amazon_metadata_weak_label
amazon-u038,B00URTWH7S,view,3.4,1738894560,amazon_metadata_weak_label
amazon-u038,B09TKK8GH6,view,3.8,1738895580,amazon_metadata_weak_label
amazon-u039,B005OBY876,like,4.2,1738972800,amazon_metadata_weak_label
amazon-u039,B00005V9O0,like,4.5,1738973820,amazon_metadata_weak_label
amazon-u039,B07NBGCLCX,like,4.0,1738974840,amazon_metadata_weak_label
amazon-u039,B002XUKTT2,like,4.5,1738975860,amazon_metadata_weak_label
amazon-u039,B002KAKSJQ,view,3.9,1738976880,amazon_metadata_weak_label
amazon-u039,B01MD26RTO,like,4.3,1738977900,amazon_metadata_weak_label
amazon-u039,B0816HC1H7,like,4.6,1738978920,amazon_metadata_weak_label
amazon-u039,B07W9955Z4,like,4.4,1738979940,amazon_metadata_weak_label
amazon-u039,B07CNZP3BH,view,3.9,1738980960,amazon_metadata_weak_label
amazon-u039,B00H9N1PHI,like,4.0,1738981980,amazon_metadata_weak_label
amazon-u040,B07JKM5FVP,like,4.4,1739059200,amazon_metadata_weak_label
amazon-u040,B00XY0IVK4,like,4.5,1739060220,amazon_metadata_weak_label
amazon-u040,B07H93H878,view,3.9,1739061240,amazon_metadata_weak_label
amazon-u040,B01N2NBZRR,purchase,4.8,1739062260,amazon_metadata_weak_label
amazon-u040,B000VVAVCK,like,4.3,1739063280,amazon_metadata_weak_label
amazon-u040,B01702K36Q,like,4.2,1739064300,amazon_metadata_weak_label
amazon-u040,B00GUNLZ00,like,4.2,1739065320,amazon_metadata_weak_label
amazon-u040,B00BY3JB34,view,3.3,1739066340,amazon_metadata_weak_label
amazon-u040,B09Z22T2GK,view,3.4,1739067360,amazon_metadata_weak_label
amazon-u041,B0B1M29CMT,like,4.5,1739145600,amazon_metadata_weak_label
amazon-u041,B09X1NC7P1,like,4.4,1739146620,amazon_metadata_weak_label
amazon-u041,B007JT4AW4,view,3.5,1739147640,amazon_metadata_weak_label
amazon-u041,B08GFTPQ5B,like,4.7,1739148660,amazon_metadata_weak_label
amazon-u041,B00NAAW3SE,purchase,4.9,1739149680,amazon_metadata_weak_label
amazon-u041,B0822SL7JX,view,3.8,1739150700,amazon_metadata_weak_label
amazon-u041,B0BKSXPZ82,view,3.9,1739151720,amazon_metadata_weak_label
amazon-u041,1976289823,view,3.6,1739152740,amazon_metadata_weak_label
amazon-u041,B0BNNXH8Q4,view,3.6,1739153760,amazon_metadata_weak_label
amazon-u042,B0B7JQWK1Q,view,3.8,1739232000,amazon_metadata_weak_label
amazon-u042,B0BKSML7WW,like,4.6,1739233020,amazon_metadata_weak_label
amazon-u042,B0C559BCG4,view,3.9,1739234040,amazon_metadata_weak_label
amazon-u042,B07WZT643Q,like,4.6,1739235060,amazon_metadata_weak_label
amazon-u042,B09X1NC7P1,like,4.3,1739236080,amazon_metadata_weak_label
amazon-u042,B0000XMWT4,like,4.0,1739237100,amazon_metadata_weak_label
amazon-u042,B09QSNNBBV,like,4.0,1739238120,amazon_metadata_weak_label
amazon-u042,B09H2JQD48,like,4.0,1739239140,amazon_metadata_weak_label
amazon-u042,B0BJXKC5RL,view,3.6,1739240160,amazon_metadata_weak_label
amazon-u042,B078XJ3TJM,view,3.0,1739241180,amazon_metadata_weak_label
amazon-u043,B009SPV4Q2,like,4.5,1739318400,amazon_metadata_weak_label
amazon-u043,B09N15NFSR,purchase,4.9,1739319420,amazon_metadata_weak_label
amazon-u043,1976289823,like,4.6,1739320440,amazon_metadata_weak_label
amazon-u043,B002AYY5AA,like,4.4,1739321460,amazon_metadata_weak_label
amazon-u043,B01AQ34GQY,like,4.4,1739322480,amazon_metadata_weak_label
amazon-u043,B07N39FL43,purchase,4.9,1739323500,amazon_metadata_weak_label
amazon-u043,B005FZB2IE,like,4.3,1739324520,amazon_metadata_weak_label
amazon-u043,B003SBZUJE,like,4.6,1739325540,amazon_metadata_weak_label
amazon-u043,B00BZEU7VM,like,4.7,1739326560,amazon_metadata_weak_label
amazon-u043,B001JI2GAE,like,4.1,1739327580,amazon_metadata_weak_label
amazon-u043,B088WNBFX3,view,3.8,1739328600,amazon_metadata_weak_label
amazon-u044,B0923LWHJS,view,3.9,1739404800,amazon_metadata_weak_label
amazon-u044,B0B6TQGTK3,like,4.6,1739405820,amazon_metadata_weak_label
amazon-u044,B0BHJKM1Y6,like,4.7,1739406840,amazon_metadata_weak_label
amazon-u044,B0C1HHH8SV,purchase,4.8,1739407860,amazon_metadata_weak_label
amazon-u044,B01HM6HIJ0,like,4.3,1739408880,amazon_metadata_weak_label
amazon-u044,B08ZCV54Z4,like,4.2,1739409900,amazon_metadata_weak_label
amazon-u044,B07JKM5FVP,view,3.0,1739410920,amazon_metadata_weak_label
amazon-u044,B01HDJTTGG,view,2.9,1739411940,amazon_metadata_weak_label
amazon-u045,B07C4PD613,purchase,5.0,1739491200,amazon_metadata_weak_label
amazon-u045,B001DZWCDO,like,4.3,1739492220,amazon_metadata_weak_label
amazon-u045,B07SRJNHPR,like,4.2,1739493240,amazon_metadata_weak_label
amazon-u045,B0B6SWQXC9,view,3.8,1739494260,amazon_metadata_weak_label
amazon-u045,B00KQO0DWU,purchase,4.8,1739495280,amazon_metadata_weak_label
amazon-u045,B01N457MGD,like,4.3,1739496300,amazon_metadata_weak_label
amazon-u045,B07RJBBD9W,like,4.3,1739497320,amazon_metadata_weak_label
amazon-u045,B00BZEU7VM,purchase,5.0,1739498340,amazon_metadata_weak_label
amazon-u045,B0BH3TL5QN,like,4.0,1739499360,amazon_metadata_weak_label
amazon-u045,B084DVJLFP,view,3.7,1739500380,amazon_metadata_weak_label
amazon-u045,B01LYVCPWQ,view,3.7,1739501400,amazon_metadata_weak_label
amazon-u046,B08XPZSM72,like,4.6,1739577600,amazon_metadata_weak_label
amazon-u046,B002S53A8Y,like,4.0,1739578620,amazon_metadata_weak_label
amazon-u046,B09KQBK7JY,purchase,4.9,1739579640,amazon_metadata_weak_label
amazon-u046,B09GJNRCYL,purchase,4.8,1739580660,amazon_metadata_weak_label
amazon-u046,B008UPEECM,like,4.1,1739581680,amazon_metadata_weak_label
amazon-u046,B08QJQBLRZ,like,4.2,1739582700,amazon_metadata_weak_label
amazon-u046,B0BWFV1ZNM,like,4.2,1739583720,amazon_metadata_weak_label
amazon-u046,B07BS9H579,like,4.0,1739584740,amazon_metadata_weak_label
amazon-u046,B09H2Z9MFL,like,4.0,1739585760,amazon_metadata_weak_label
amazon-u046,B004NXQNU6,view,3.6,1739586780,amazon_metadata_weak_label
amazon-u047,B09CYMQQC7,like,4.5,1739664000,amazon_metadata_weak_label
amazon-u047,B089742DWT,view,3.8,1739665020,amazon_metadata_weak_label
amazon-u047,B015GXH7Y2,view,3.9,1739666040,amazon_metadata_weak_label
amazon-u047,B08ZDKNP1J,like,4.7,1739667060,amazon_metadata_weak_label
amazon-u047,B0971F6QYN,like,4.1,1739668080,amazon_metadata_weak_label
amazon-u047,B083F225NQ,like,4.5,1739669100,amazon_metadata_weak_label
amazon-u047,B00MV6AR4A,view,3.3,1739670120,amazon_metadata_weak_label
amazon-u047,B08RS8PVVV,purchase,4.8,1739671140,amazon_metadata_weak_label
amazon-u047,B09QJRTQ5C,view,3.8,1739672160,amazon_metadata_weak_label
amazon-u047,B077T6QC9Q,view,3.1,1739673180,amazon_metadata_weak_label
amazon-u048,B07BJ7ZZL7,like,4.7,1739750400,amazon_metadata_weak_label
amazon-u048,B08QCPDKW1,like,4.0,1739751420,amazon_metadata_weak_label
amazon-u048,B09X52MNQY,like,4.5,1739752440,amazon_metadata_weak_label
amazon-u048,B08K2T4JFQ,like,4.4,1739753460,amazon_metadata_weak_label
amazon-u048,B0BF9YKR59,like,4.1,1739754480,amazon_metadata_weak_label
amazon-u048,B08CZHRS6L,like,4.7,1739755500,amazon_metadata_weak_label
amazon-u048,B08HQCLFTX,purchase,5.0,1739756520,amazon_metadata_weak_label
amazon-u048,B08GFTPQ5B,like,4.0,1739757540,amazon_metadata_weak_label
amazon-u048,B07C9W6G2Y,like,4.6,1739758560,amazon_metadata_weak_label
amazon-u048,B0B9BKTK6S,view,3.1,1739759580,amazon_metadata_weak_label
amazon-u048,B0859YGYB2,view,3.5,1739760600,amazon_metadata_weak_label
amazon-u049,B00YW49ZJC,like,4.7,1739836800,amazon_metadata_weak_label
amazon-u049,B076QF5SQ4,view,3.4,1739837820,amazon_metadata_weak_label
amazon-u049,B09V8DW4FF,like,4.0,1739838840,amazon_metadata_weak_label
amazon-u049,B01DLNTUYY,like,4.4,1739839860,amazon_metadata_weak_label
amazon-u049,B00XIMZT8A,like,4.5,1739840880,amazon_metadata_weak_label
amazon-u049,B0174X43LM,like,4.0,1739841900,amazon_metadata_weak_label
amazon-u049,B0952X8NBY,view,3.7,1739842920,amazon_metadata_weak_label
amazon-u049,B0BGBQMQ17,view,3.7,1739843940,amazon_metadata_weak_label
amazon-u049,B072KHS2P7,view,3.3,1739844960,amazon_metadata_weak_label
amazon-u050,B0BN8GSVZV,view,3.6,1739923200,amazon_metadata_weak_label
amazon-u050,B00H9N1PHI,like,4.7,1739924220,amazon_metadata_weak_label
amazon-u050,B0073WKJ9K,like,4.2,1739925240,amazon_metadata_weak_label
amazon-u050,B081PKBK23,purchase,4.8,1739926260,amazon_metadata_weak_label
amazon-u050,B00R8K91BY,like,4.2,1739927280,amazon_metadata_weak_label
amazon-u050,B08X2YM19M,like,4.3,1739928300,amazon_metadata_weak_label
amazon-u050,B0BB28524R,like,4.7,1739929320,amazon_metadata_weak_label
amazon-u050,B08S44K872,like,4.0,1739930340,amazon_metadata_weak_label
amazon-u050,B00P1Q17ZU,view,3.2,1739931360,amazon_metadata_weak_label
amazon-u051,B07H942WV8,like,4.6,1740009600,amazon_metadata_weak_label
amazon-u051,B096RWT9BS,like,4.2,1740010620,amazon_metadata_weak_label
amazon-u051,B09ZQPV8ZL,like,4.4,1740011640,amazon_metadata_weak_label
amazon-u051,B0B1CG54LQ,view,3.8,1740012660,amazon_metadata_weak_label
amazon-u051,B01NBPHBJO,like,4.1,1740013680,amazon_metadata_weak_label
amazon-u051,B08BZJVBZS,like,4.3,1740014700,amazon_metadata_weak_label
amazon-u051,B07KYSXTXX,like,4.3,1740015720,amazon_metadata_weak_label
amazon-u051,B0BYKB1VHL,like,4.5,1740016740,amazon_metadata_weak_label
amazon-u051,B09DSJVYGF,like,4.5,1740017760,amazon_metadata_weak_label
amazon-u051,B083L54WLC,view,3.7,1740018780,amazon_metadata_weak_label
amazon-u051,B0178F72E6,like,4.0,1740019800,amazon_metadata_weak_label
amazon-u052,B08NLFQPWF,like,4.7,1740096000,amazon_metadata_weak_label
amazon-u052,B078XJ3TJM,like,4.1,1740097020,amazon_metadata_weak_label
amazon-u052,B0041BSEFC,view,3.3,1740098040,amazon_metadata_weak_label
amazon-u052,B07BKSJ39T,like,4.5,1740099060,amazon_metadata_weak_label
amazon-u052,B0B1BVCJLP,purchase,4.8,1740100080,amazon_metadata_weak_label
amazon-u052,B09YG6FC71,like,4.3,1740101100,amazon_metadata_weak_label
amazon-u052,B08HLXD8HF,like,4.5,1740102120,amazon_metadata_weak_label
amazon-u052,B014FT655U,purchase,4.8,1740103140,amazon_metadata_weak_label
amazon-u052,B09J56DSX4,view,2.8,1740104160,amazon_metadata_weak_label
amazon-u052,B086RKP65R,view,3.8,1740105180,amazon_metadata_weak_label
amazon-u053,B00002SUQN,view,3.9,1740182400,amazon_metadata_weak_label
amazon-u053,B004BV5O0U,like,4.4,1740183420,amazon_metadata_weak_label
amazon-u053,B0B3MF7BTH,like,4.1,1740184440,amazon_metadata_weak_label
amazon-u053,B07MFQX2QP,like,4.3,1740185460,amazon_metadata_weak_label
amazon-u053,B09MFFTCX8,like,4.3,1740186480,amazon_metadata_weak_label
amazon-u053,B0009R1TGS,like,4.3,1740187500,amazon_metadata_weak_label
amazon-u053,B00002STHB,view,3.8,1740188520,amazon_metadata_weak_label
amazon-u053,B0BLRLXVP1,view,3.7,1740189540,amazon_metadata_weak_label
amazon-u053,B08NCRN493,view,3.5,1740190560,amazon_metadata_weak_label
amazon-u054,B0BN3WZX63,like,4.4,1740268800,amazon_metadata_weak_label
amazon-u054,B07L4K36S5,like,4.4,1740269820,amazon_metadata_weak_label
amazon-u054,B0BY2KTRS9,like,4.0,1740270840,amazon_metadata_weak_label
amazon-u054,B00ARDJSBM,like,4.7,1740271860,amazon_metadata_weak_label
amazon-u054,B08CND16SJ,view,3.9,1740272880,amazon_metadata_weak_label
amazon-u054,B09DGCN5G9,like,4.0,1740273900,amazon_metadata_weak_label
amazon-u054,B0BKVH96NL,like,4.3,1740274920,amazon_metadata_weak_label
amazon-u054,B002S53A8Y,view,3.2,1740275940,amazon_metadata_weak_label
amazon-u054,B09SHMXFRM,view,3.6,1740276960,amazon_metadata_weak_label
amazon-u055,B07SXMV8LY,like,4.7,1740355200,amazon_metadata_weak_label
amazon-u055,B002JTX8A4,like,4.4,1740356220,amazon_metadata_weak_label
amazon-u055,B08GPJJS8R,like,4.6,1740357240,amazon_metadata_weak_label
amazon-u055,B00GUNLZ00,like,4.4,1740358260,amazon_metadata_weak_label
amazon-u055,B0001ZNU56,purchase,5.0,1740359280,amazon_metadata_weak_label
amazon-u055,B0753DF9TC,like,4.0,1740360300,amazon_metadata_weak_label
amazon-u055,B09DTP7S4T,view,3.9,1740361320,amazon_metadata_weak_label
amazon-u056,B093GWXVC4,like,4.6,1740441600,amazon_metadata_weak_label
amazon-u056,B007VJTUQ8,view,2.7,1740442620,amazon_metadata_weak_label
amazon-u056,B0C3VJHW5Z,view,3.8,1740443640,amazon_metadata_weak_label
amazon-u056,B071JDPKJ8,like,4.3,1740444660,amazon_metadata_weak_label
amazon-u056,B000AQ8OFC,view,3.7,1740445680,amazon_metadata_weak_label
